epoch,AUC
0,0.08701292425394058
100,0.5606095790863037
200,0.23778530955314636
300,0.2577645480632782
400,0.16420044004917145
500,0.34782373905181885
600,0.5541999340057373
700,0.48500531911849976
800,0.5736629962921143
900,0.38728079199790955
1000,0.41901203989982605
