epoch,AUC
0,0.20698213577270508
100,0.6917716264724731
200,0.46478140354156494
300,0.8280189633369446
400,0.5126344561576843
500,0.6335546374320984
600,1.7660613059997559
700,2.712189197540283
800,0.9784681797027588
900,1.808300495147705
1000,0.7145553827285767
